family,n_control,n_experimental,control_mean,experimental_mean,diff,overfit_signal
unq-0003f2a58daeebff23afc88eb0cfe5dc,1,3,0.5974,0.6652666666666667,0.06786666666666663,True
unq-035f38c62766ceafc5b453626eab545a,1,3,0.4333,0.6285333333333334,0.19523333333333337,False
unq-1081c0a20f3ff75d22b0e18f46da5337,2,3,0.66435,0.7162000000000001,0.05185000000000006,False
unq-1ca975eb06e53db4d1d8a74c0c006714,2,1,0.5424,0.7286,0.18620000000000003,False
unq-209d1515de180f0cd39775e001532b48,3,2,0.6161666666666666,0.7374499999999999,0.1212833333333333,False
unq-2bf1a1d65fbc1e3569adf6fcfe494555,3,2,0.5551,0.6144499999999999,0.0593499999999999,False
unq-337810518421ef04bf30da9be11b7c4e,3,1,0.6045,0.6903,0.08579999999999999,True
unq-38783aaf731c2428d1097be9d9ee0ecf,3,3,0.7509,0.6373333333333333,-0.1135666666666667,True
unq-390e94415c83e12cb7dfdf82c0b62560,2,3,0.5871,0.6468666666666666,0.059766666666666635,True
unq-4f03d8f45a1fed7c5e9e4d36bb804fc2,2,1,0.6964,0.2517,-0.44470000000000004,False
unq-4fb3b51abee89f2da1e63631a5bd4e29,3,2,0.6003666666666667,0.6753,0.0749333333333333,True
unq-53e182203fb8fb978bf9ed90a2faecc6,3,3,0.7061000000000001,0.611,-0.09510000000000007,False
unq-63bb470aa4c4e2af1a6f515ca69936ac,3,3,0.6504333333333333,0.6451,-0.005333333333333301,False
unq-6bf7e852d916b2762a03f6f5a997eac8,2,3,0.6943999999999999,0.6971333333333334,0.0027333333333334764,False
unq-7c2998105eb8f45d71a38d8fac803142,3,2,0.5286,0.5868,0.05820000000000003,True
unq-8a5e1b87f2a1f1bdae8e06462f4f00ee,1,3,0.7303,0.6857333333333333,-0.04456666666666664,False
unq-8e56df92e758f3b8a87f9276dee3142a,2,3,0.6568499999999999,0.6468,-0.010049999999999892,False
unq-9e85ea4ba6b941881f17a6778eba244f,3,2,0.44373333333333337,0.4776,0.033866666666666656,True
unq-b70a673e8a8d81e6640a3f2355fb449d,1,1,0.5746,0.6318,0.05720000000000003,True
unq-d008559c2eb339363d271b64bfc05aea,2,2,0.7608,0.7656000000000001,0.0048000000000000265,False
unq-d621c528e821d1d87bde74762a24d887,1,1,0.7004,0.5804,-0.12,True
unq-f0bcf2c2b20353097810fac6c42cd8b2,1,1,0.1355,0.1978,0.062299999999999994,False
unq-f78f73ef21949ab8a1554e4575a75371,3,1,0.7291,0.7594,0.030299999999999994,True
