family,n_control,n_experimental,control_mean,experimental_mean,diff
unq-0003f2a58daeebff23afc88eb0cfe5dc,2,6,0.6665000000000001,0.6690333333333334,0.0025333333333332764
unq-035f38c62766ceafc5b453626eab545a,3,5,0.5249,0.5713,0.0464
unq-1081c0a20f3ff75d22b0e18f46da5337,3,5,0.6736333333333334,0.70404,0.030406666666666582
unq-1ca975eb06e53db4d1d8a74c0c006714,3,2,0.5909,0.7399,0.14900000000000002
unq-209d1515de180f0cd39775e001532b48,3,4,0.6161666666666666,0.74065,0.12448333333333339
unq-2bf1a1d65fbc1e3569adf6fcfe494555,5,5,0.61198,0.603,-0.008979999999999988
unq-337810518421ef04bf30da9be11b7c4e,4,2,0.636775,0.546,-0.09077499999999994
unq-38783aaf731c2428d1097be9d9ee0ecf,5,6,0.74886,0.7033333333333334,-0.045526666666666604
unq-390e94415c83e12cb7dfdf82c0b62560,3,5,0.5931666666666666,0.65252,0.05935333333333337
unq-4f03d8f45a1fed7c5e9e4d36bb804fc2,3,4,0.6709666666666667,0.494525,-0.17644166666666672
unq-4fb3b51abee89f2da1e63631a5bd4e29,3,2,0.6003666666666667,0.6753,0.0749333333333333
unq-53e182203fb8fb978bf9ed90a2faecc6,4,5,0.7161,0.65926,-0.05684
unq-63bb470aa4c4e2af1a6f515ca69936ac,5,6,0.6532,0.6447,-0.008499999999999952
unq-6bf7e852d916b2762a03f6f5a997eac8,3,6,0.6949333333333333,0.6901166666666667,-0.00481666666666658
unq-74c9901b69ca0849f7348045552810f2,1,4,0.7337,0.7011499999999999,-0.03255000000000008
unq-7c2998105eb8f45d71a38d8fac803142,5,2,0.52276,0.5868,0.06403999999999999
unq-8a5e1b87f2a1f1bdae8e06462f4f00ee,2,6,0.7336499999999999,0.7055166666666667,-0.028133333333333232
unq-8e56df92e758f3b8a87f9276dee3142a,4,6,0.6623749999999999,0.65465,-0.007724999999999982
unq-9e85ea4ba6b941881f17a6778eba244f,4,3,0.4648,0.4836333333333333,0.018833333333333313
unq-b70a673e8a8d81e6640a3f2355fb449d,3,4,0.6355333333333333,0.618525,-0.017008333333333292
unq-d008559c2eb339363d271b64bfc05aea,3,3,0.7446,0.7414,-0.0032000000000000917
unq-d621c528e821d1d87bde74762a24d887,3,1,0.6843333333333333,0.5804,-0.10393333333333332
unq-ee9c1a7af855c141201b9ef64bd8f6a7,2,3,0.59735,0.5686333333333333,-0.028716666666666724
unq-f0bcf2c2b20353097810fac6c42cd8b2,1,1,0.1355,0.1978,0.062299999999999994
unq-f78f73ef21949ab8a1554e4575a75371,4,3,0.689025,0.7577,0.06867500000000004
unq-fdb62040fc1a41621322feeddbc3d784,2,1,0.44935,0.6481,0.19874999999999998
